,Code,Borough,Month,Average Price,Year
0,E09000001,City of London,9,878767.0,2014
1,E09000002,Barking and Dagenham,9,207119.0,2014
2,E09000003,Barnet,9,529833.0,2014
3,E09000004,Bexley,9,258740.0,2014
4,E09000005,Brent,9,458691.0,2014
5,E09000006,Bromley,9,389487.0,2014
6,E09000007,Camden,9,915198.0,2014
7,E09000008,Croydon,9,292314.0,2014
8,E09000009,Ealing,9,486683.0,2014
9,E09000010,Enfield,9,338688.0,2014
10,E09000011,Greenwich,9,365534.0,2014
11,E09000012,Hackney,9,485169.0,2014
12,E09000013,Hammersmith and Fulham,9,837630.0,2014
13,E09000014,Haringey,9,527783.0,2014
14,E09000015,Harrow,9,416156.0,2014
15,E09000016,Havering,9,275351.0,2014
16,E09000017,Hillingdon,9,334984.0,2014
17,E09000018,Hounslow,9,417421.0,2014
18,E09000019,Islington,9,646199.0,2014
19,E09000020,Kensington and Chelsea,9,1886398.0,2014
20,E09000021,Kingston upon Thames,9,455795.0,2014
21,E09000022,Lambeth,9,527246.0,2014
22,E09000023,Lewisham,9,345627.0,2014
23,E09000024,Merton,9,516913.0,2014
24,E09000025,Newham,9,258765.0,2014
25,E09000026,Redbridge,9,328535.0,2014
26,E09000027,Richmond upon Thames,9,703304.0,2014
27,E09000028,Southwark,9,501087.0,2014
28,E09000029,Sutton,9,310499.0,2014
29,E09000030,Tower Hamlets,9,439575.0,2014
30,E09000031,Waltham Forest,9,319350.0,2014
31,E09000032,Wandsworth,9,659667.0,2014
32,E09000033,Westminster,9,1395016.0,2014
33,E09000001,City of London,12,894045.0,2014
34,E09000002,Barking and Dagenham,12,215810.0,2014
35,E09000003,Barnet,12,534786.0,2014
36,E09000004,Bexley,12,267267.0,2014
37,E09000005,Brent,12,468858.0,2014
38,E09000006,Bromley,12,397486.0,2014
39,E09000007,Camden,12,966927.0,2014
40,E09000008,Croydon,12,300572.0,2014
41,E09000009,Ealing,12,501526.0,2014
42,E09000010,Enfield,12,350007.0,2014
43,E09000011,Greenwich,12,369976.0,2014
44,E09000012,Hackney,12,501632.0,2014
45,E09000013,Hammersmith and Fulham,12,886073.0,2014
46,E09000014,Haringey,12,542902.0,2014
47,E09000015,Harrow,12,427077.0,2014
48,E09000016,Havering,12,284185.0,2014
49,E09000017,Hillingdon,12,348123.0,2014
50,E09000018,Hounslow,12,427359.0,2014
51,E09000019,Islington,12,669868.0,2014
52,E09000020,Kensington and Chelsea,12,1946176.0,2014
53,E09000021,Kingston upon Thames,12,475080.0,2014
54,E09000022,Lambeth,12,538039.0,2014
55,E09000023,Lewisham,12,360998.0,2014
56,E09000024,Merton,12,537708.0,2014
57,E09000025,Newham,12,269497.0,2014
58,E09000026,Redbridge,12,338666.0,2014
59,E09000027,Richmond upon Thames,12,730458.0,2014
60,E09000028,Southwark,12,518143.0,2014
61,E09000029,Sutton,12,322434.0,2014
62,E09000030,Tower Hamlets,12,445318.0,2014
63,E09000031,Waltham Forest,12,334325.0,2014
64,E09000032,Wandsworth,12,681730.0,2014
65,E09000033,Westminster,12,1464108.0,2014
66,E09000001,City of London,3,902589.0,2015
67,E09000002,Barking and Dagenham,3,221029.0,2015
68,E09000003,Barnet,3,544386.0,2015
69,E09000004,Bexley,3,274668.0,2015
70,E09000005,Brent,3,481269.0,2015
71,E09000006,Bromley,3,410233.0,2015
72,E09000007,Camden,3,984643.0,2015
73,E09000008,Croydon,3,309624.0,2015
74,E09000009,Ealing,3,506192.0,2015
75,E09000010,Enfield,3,363178.0,2015
76,E09000011,Greenwich,3,372918.0,2015
77,E09000012,Hackney,3,507517.0,2015
78,E09000013,Hammersmith and Fulham,3,905688.0,2015
79,E09000014,Haringey,3,550309.0,2015
80,E09000015,Harrow,3,439137.0,2015
81,E09000016,Havering,3,289735.0,2015
82,E09000017,Hillingdon,3,361820.0,2015
83,E09000018,Hounslow,3,429653.0,2015
84,E09000019,Islington,3,686294.0,2015
85,E09000020,Kensington and Chelsea,3,1951467.0,2015
86,E09000021,Kingston upon Thames,3,480285.0,2015
87,E09000022,Lambeth,3,536969.0,2015
88,E09000023,Lewisham,3,372867.0,2015
89,E09000024,Merton,3,554909.0,2015
90,E09000025,Newham,3,279696.0,2015
91,E09000026,Redbridge,3,350041.0,2015
92,E09000027,Richmond upon Thames,3,743646.0,2015
93,E09000028,Southwark,3,535907.0,2015
94,E09000029,Sutton,3,330233.0,2015
95,E09000030,Tower Hamlets,3,446399.0,2015
96,E09000031,Waltham Forest,3,344912.0,2015
97,E09000032,Wandsworth,3,691864.0,2015
98,E09000033,Westminster,3,1490360.0,2015
99,E09000001,City of London,6,931763.0,2015
100,E09000002,Barking and Dagenham,6,226261.0,2015
101,E09000003,Barnet,6,553199.0,2015
102,E09000004,Bexley,6,277861.0,2015
103,E09000005,Brent,6,491118.0,2015
104,E09000006,Bromley,6,418084.0,2015
105,E09000007,Camden,6,996667.0,2015
106,E09000008,Croydon,6,318590.0,2015
107,E09000009,Ealing,6,507765.0,2015
108,E09000010,Enfield,6,371580.0,2015
109,E09000011,Greenwich,6,371073.0,2015
110,E09000012,Hackney,6,524610.0,2015
111,E09000013,Hammersmith and Fulham,6,943205.0,2015
112,E09000014,Haringey,6,549650.0,2015
113,E09000015,Harrow,6,444425.0,2015
114,E09000016,Havering,6,294133.0,2015
115,E09000017,Hillingdon,6,368448.0,2015
116,E09000018,Hounslow,6,447841.0,2015
117,E09000019,Islington,6,707140.0,2015
118,E09000020,Kensington and Chelsea,6,1948436.0,2015
119,E09000021,Kingston upon Thames,6,494012.0,2015
120,E09000022,Lambeth,6,524320.0,2015
121,E09000023,Lewisham,6,377204.0,2015
122,E09000024,Merton,6,561599.0,2015
123,E09000025,Newham,6,291812.0,2015
124,E09000026,Redbridge,6,361736.0,2015
125,E09000027,Richmond upon Thames,6,743074.0,2015
126,E09000028,Southwark,6,547127.0,2015
127,E09000029,Sutton,6,338643.0,2015
128,E09000030,Tower Hamlets,6,450291.0,2015
129,E09000031,Waltham Forest,6,358406.0,2015
130,E09000032,Wandsworth,6,682203.0,2015
131,E09000033,Westminster,6,1468287.0,2015
132,E09000001,City of London,9,929347.0,2015
133,E09000002,Barking and Dagenham,9,234225.0,2015
134,E09000003,Barnet,9,553003.0,2015
135,E09000004,Bexley,9,285822.0,2015
136,E09000005,Brent,9,494092.0,2015
137,E09000006,Bromley,9,429596.0,2015
138,E09000007,Camden,9,1041168.0,2015
139,E09000008,Croydon,9,328458.0,2015
140,E09000009,Ealing,9,509376.0,2015
141,E09000010,Enfield,9,378789.0,2015
142,E09000011,Greenwich,9,382597.0,2015
143,E09000012,Hackney,9,540253.0,2015
144,E09000013,Hammersmith and Fulham,9,947105.0,2015
145,E09000014,Haringey,9,544476.0,2015
146,E09000015,Harrow,9,450848.0,2015
147,E09000016,Havering,9,308594.0,2015
148,E09000017,Hillingdon,9,381117.0,2015
149,E09000018,Hounslow,9,456432.0,2015
150,E09000019,Islington,9,726405.0,2015
151,E09000020,Kensington and Chelsea,9,1935311.0,2015
152,E09000021,Kingston upon Thames,9,495871.0,2015
153,E09000022,Lambeth,9,543859.0,2015
154,E09000023,Lewisham,9,389489.0,2015
155,E09000024,Merton,9,559726.0,2015
156,E09000025,Newham,9,301915.0,2015
157,E09000026,Redbridge,9,374848.0,2015
158,E09000027,Richmond upon Thames,9,754024.0,2015
159,E09000028,Southwark,9,559003.0,2015
160,E09000029,Sutton,9,347085.0,2015
161,E09000030,Tower Hamlets,9,462677.0,2015
162,E09000031,Waltham Forest,9,370890.0,2015
163,E09000032,Wandsworth,9,680210.0,2015
164,E09000033,Westminster,9,1412082.0,2015
165,E09000001,City of London,12,926291.0,2015
166,E09000002,Barking and Dagenham,12,244126.0,2015
167,E09000003,Barnet,12,566874.0,2015
168,E09000004,Bexley,12,295261.0,2015
169,E09000005,Brent,12,506321.0,2015
170,E09000006,Bromley,12,441675.0,2015
171,E09000007,Camden,12,1040034.0,2015
172,E09000008,Croydon,12,340768.0,2015
173,E09000009,Ealing,12,524966.0,2015
174,E09000010,Enfield,12,389902.0,2015
175,E09000011,Greenwich,12,401116.0,2015
176,E09000012,Hackney,12,564760.0,2015
177,E09000013,Hammersmith and Fulham,12,940896.0,2015
178,E09000014,Haringey,12,569499.0,2015
179,E09000015,Harrow,12,461919.0,2015
180,E09000016,Havering,12,317806.0,2015
181,E09000017,Hillingdon,12,393842.0,2015
182,E09000018,Hounslow,12,462024.0,2015
183,E09000019,Islington,12,743764.0,2015
184,E09000020,Kensington and Chelsea,12,1914363.0,2015
185,E09000021,Kingston upon Thames,12,502091.0,2015
186,E09000022,Lambeth,12,554121.0,2015
187,E09000023,Lewisham,12,403588.0,2015
188,E09000024,Merton,12,571362.0,2015
189,E09000025,Newham,12,319348.0,2015
190,E09000026,Redbridge,12,387916.0,2015
191,E09000027,Richmond upon Thames,12,754191.0,2015
192,E09000028,Southwark,12,583065.0,2015
193,E09000029,Sutton,12,358825.0,2015
194,E09000030,Tower Hamlets,12,483422.0,2015
195,E09000031,Waltham Forest,12,384365.0,2015
196,E09000032,Wandsworth,12,687588.0,2015
197,E09000033,Westminster,12,1361090.0,2015
198,E09000001,City of London,3,935604.0,2016
199,E09000002,Barking and Dagenham,3,254178.0,2016
200,E09000003,Barnet,3,576761.0,2016
201,E09000004,Bexley,3,306398.0,2016
202,E09000005,Brent,3,515413.0,2016
203,E09000006,Bromley,3,451675.0,2016
204,E09000007,Camden,3,1085177.0,2016
205,E09000008,Croydon,3,350928.0,2016
206,E09000009,Ealing,3,539607.0,2016
207,E09000010,Enfield,3,404432.0,2016
208,E09000011,Greenwich,3,417229.0,2016
209,E09000012,Hackney,3,587107.0,2016
210,E09000013,Hammersmith and Fulham,3,944625.0,2016
211,E09000014,Haringey,3,587650.0,2016
212,E09000015,Harrow,3,474120.0,2016
213,E09000016,Havering,3,328297.0,2016
214,E09000017,Hillingdon,3,408068.0,2016
215,E09000018,Hounslow,3,480960.0,2016
216,E09000019,Islington,3,743848.0,2016
217,E09000020,Kensington and Chelsea,3,1948255.0,2016
218,E09000021,Kingston upon Thames,3,518835.0,2016
219,E09000022,Lambeth,3,565823.0,2016
220,E09000023,Lewisham,3,413683.0,2016
221,E09000024,Merton,3,581611.0,2016
222,E09000025,Newham,3,332890.0,2016
223,E09000026,Redbridge,3,398562.0,2016
224,E09000027,Richmond upon Thames,3,772074.0,2016
225,E09000028,Southwark,3,607715.0,2016
226,E09000029,Sutton,3,368930.0,2016
227,E09000030,Tower Hamlets,3,501530.0,2016
228,E09000031,Waltham Forest,3,400481.0,2016
229,E09000032,Wandsworth,3,713747.0,2016
230,E09000033,Westminster,3,1413086.0,2016
231,E09000001,City of London,6,917834.0,2016
232,E09000002,Barking and Dagenham,6,265259.0,2016
233,E09000003,Barnet,6,582038.0,2016
234,E09000004,Bexley,6,319769.0,2016
235,E09000005,Brent,6,517224.0,2016
236,E09000006,Bromley,6,461828.0,2016
237,E09000007,Camden,6,1088628.0,2016
238,E09000008,Croydon,6,357942.0,2016
239,E09000009,Ealing,6,542632.0,2016
240,E09000010,Enfield,6,419358.0,2016
241,E09000011,Greenwich,6,426327.0,2016
242,E09000012,Hackney,6,594695.0,2016
243,E09000013,Hammersmith and Fulham,6,936827.0,2016
244,E09000014,Haringey,6,604665.0,2016
245,E09000015,Harrow,6,478243.0,2016
246,E09000016,Havering,6,336475.0,2016
247,E09000017,Hillingdon,6,421983.0,2016
248,E09000018,Hounslow,6,485794.0,2016
249,E09000019,Islington,6,742372.0,2016
250,E09000020,Kensington and Chelsea,6,1926134.0,2016
251,E09000021,Kingston upon Thames,6,530638.0,2016
252,E09000022,Lambeth,6,578988.0,2016
253,E09000023,Lewisham,6,425265.0,2016
254,E09000024,Merton,6,590516.0,2016
255,E09000025,Newham,6,342722.0,2016
256,E09000026,Redbridge,6,405431.0,2016
257,E09000027,Richmond upon Thames,6,774663.0,2016
258,E09000028,Southwark,6,623542.0,2016
259,E09000029,Sutton,6,376758.0,2016
260,E09000030,Tower Hamlets,6,514842.0,2016
261,E09000031,Waltham Forest,6,411537.0,2016
262,E09000032,Wandsworth,6,731862.0,2016
263,E09000033,Westminster,6,1475926.0,2016
264,E09000001,City of London,9,895824.0,2016
265,E09000002,Barking and Dagenham,9,275922.0,2016
266,E09000003,Barnet,9,581035.0,2016
267,E09000004,Bexley,9,331444.0,2016
268,E09000005,Brent,9,526827.0,2016
269,E09000006,Bromley,9,469729.0,2016
270,E09000007,Camden,9,1045916.0,2016
271,E09000008,Croydon,9,366447.0,2016
272,E09000009,Ealing,9,546005.0,2016
273,E09000010,Enfield,9,438828.0,2016
274,E09000011,Greenwich,9,434974.0,2016
275,E09000012,Hackney,9,609711.0,2016
276,E09000013,Hammersmith and Fulham,9,931396.0,2016
277,E09000014,Haringey,9,614791.0,2016
278,E09000015,Harrow,9,492107.0,2016
279,E09000016,Havering,9,347684.0,2016
280,E09000017,Hillingdon,9,430478.0,2016
281,E09000018,Hounslow,9,480409.0,2016
282,E09000019,Islington,9,745035.0,2016
283,E09000020,Kensington and Chelsea,9,1886940.0,2016
284,E09000021,Kingston upon Thames,9,539644.0,2016
285,E09000022,Lambeth,9,581325.0,2016
286,E09000023,Lewisham,9,433009.0,2016
287,E09000024,Merton,9,584853.0,2016
288,E09000025,Newham,9,351769.0,2016
289,E09000026,Redbridge,9,414931.0,2016
290,E09000027,Richmond upon Thames,9,776470.0,2016
291,E09000028,Southwark,9,624572.0,2016
292,E09000029,Sutton,9,383561.0,2016
293,E09000030,Tower Hamlets,9,520479.0,2016
294,E09000031,Waltham Forest,9,421624.0,2016
295,E09000032,Wandsworth,9,754444.0,2016
296,E09000033,Westminster,9,1523143.0,2016
297,E09000001,City of London,12,928036.0,2016
298,E09000002,Barking and Dagenham,12,289176.0,2016
299,E09000003,Barnet,12,584202.0,2016
300,E09000004,Bexley,12,340625.0,2016
301,E09000005,Brent,12,517496.0,2016
302,E09000006,Bromley,12,478141.0,2016
303,E09000007,Camden,12,1063247.0,2016
304,E09000008,Croydon,12,372054.0,2016
305,E09000009,Ealing,12,553668.0,2016
306,E09000010,Enfield,12,450293.0,2016
307,E09000011,Greenwich,12,445431.0,2016
308,E09000012,Hackney,12,602842.0,2016
309,E09000013,Hammersmith and Fulham,12,940224.0,2016
310,E09000014,Haringey,12,606628.0,2016
311,E09000015,Harrow,12,504810.0,2016
312,E09000016,Havering,12,358601.0,2016
313,E09000017,Hillingdon,12,439745.0,2016
314,E09000018,Hounslow,12,476268.0,2016
315,E09000019,Islington,12,754513.0,2016
316,E09000020,Kensington and Chelsea,12,1953392.0,2016
317,E09000021,Kingston upon Thames,12,547213.0,2016
318,E09000022,Lambeth,12,588579.0,2016
319,E09000023,Lewisham,12,434769.0,2016
320,E09000024,Merton,12,587370.0,2016
321,E09000025,Newham,12,370476.0,2016
322,E09000026,Redbridge,12,423129.0,2016
323,E09000027,Richmond upon Thames,12,775356.0,2016
324,E09000028,Southwark,12,643857.0,2016
325,E09000029,Sutton,12,387584.0,2016
326,E09000030,Tower Hamlets,12,524507.0,2016
327,E09000031,Waltham Forest,12,431877.0,2016
328,E09000032,Wandsworth,12,775484.0,2016
329,E09000033,Westminster,12,1579838.0,2016
330,E09000001,City of London,3,929037.0,2017
331,E09000002,Barking and Dagenham,3,299383.0,2017
332,E09000003,Barnet,3,590823.0,2017
333,E09000004,Bexley,3,345353.0,2017
334,E09000005,Brent,3,518108.0,2017
335,E09000006,Bromley,3,483847.0,2017
336,E09000007,Camden,3,1029438.0,2017
337,E09000008,Croydon,3,377365.0,2017
338,E09000009,Ealing,3,552559.0,2017
339,E09000010,Enfield,3,459260.0,2017
340,E09000011,Greenwich,3,452824.0,2017
341,E09000012,Hackney,3,598546.0,2017
342,E09000013,Hammersmith and Fulham,3,932930.0,2017
343,E09000014,Haringey,3,626472.0,2017
344,E09000015,Harrow,3,511590.0,2017
345,E09000016,Havering,3,366822.0,2017
346,E09000017,Hillingdon,3,444236.0,2017
347,E09000018,Hounslow,3,482235.0,2017
348,E09000019,Islington,3,761601.0,2017
349,E09000020,Kensington and Chelsea,3,1984323.0,2017
350,E09000021,Kingston upon Thames,3,552448.0,2017
351,E09000022,Lambeth,3,588824.0,2017
352,E09000023,Lewisham,3,441405.0,2017
353,E09000024,Merton,3,595194.0,2017
354,E09000025,Newham,3,385115.0,2017
355,E09000026,Redbridge,3,429586.0,2017
356,E09000027,Richmond upon Thames,3,780110.0,2017
357,E09000028,Southwark,3,651179.0,2017
358,E09000029,Sutton,3,391483.0,2017
359,E09000030,Tower Hamlets,3,527412.0,2017
360,E09000031,Waltham Forest,3,440633.0,2017
361,E09000032,Wandsworth,3,788357.0,2017
362,E09000033,Westminster,3,1609658.0,2017
363,E09000001,City of London,6,953512.0,2017
364,E09000002,Barking and Dagenham,6,301708.0,2017
365,E09000003,Barnet,6,616324.0,2017
366,E09000004,Bexley,6,347505.0,2017
367,E09000005,Brent,6,536119.0,2017
368,E09000006,Bromley,6,489823.0,2017
369,E09000007,Camden,6,1082928.0,2017
370,E09000008,Croydon,6,385383.0,2017
371,E09000009,Ealing,6,568092.0,2017
372,E09000010,Enfield,6,464622.0,2017
373,E09000011,Greenwich,6,456559.0,2017
374,E09000012,Hackney,6,602686.0,2017
375,E09000013,Hammersmith and Fulham,6,937893.0,2017
376,E09000014,Haringey,6,644926.0,2017
377,E09000015,Harrow,6,522208.0,2017
378,E09000016,Havering,6,372862.0,2017
379,E09000017,Hillingdon,6,446907.0,2017
380,E09000018,Hounslow,6,481449.0,2017
381,E09000019,Islington,6,771279.0,2017
382,E09000020,Kensington and Chelsea,6,2068498.0,2017
383,E09000021,Kingston upon Thames,6,556434.0,2017
384,E09000022,Lambeth,6,598021.0,2017
385,E09000023,Lewisham,6,452263.0,2017
386,E09000024,Merton,6,610872.0,2017
387,E09000025,Newham,6,399914.0,2017
388,E09000026,Redbridge,6,436348.0,2017
389,E09000027,Richmond upon Thames,6,798327.0,2017
390,E09000028,Southwark,6,662741.0,2017
391,E09000029,Sutton,6,393962.0,2017
392,E09000030,Tower Hamlets,6,531269.0,2017
393,E09000031,Waltham Forest,6,445598.0,2017
394,E09000032,Wandsworth,6,816478.0,2017
395,E09000033,Westminster,6,1658549.0,2017
396,E09000001,City of London,9,961782.0,2017
397,E09000002,Barking and Dagenham,9,302685.0,2017
398,E09000003,Barnet,9,638640.0,2017
399,E09000004,Bexley,9,352459.0,2017
400,E09000005,Brent,9,547211.0,2017
401,E09000006,Bromley,9,496853.0,2017
402,E09000007,Camden,9,1121810.0,2017
403,E09000008,Croydon,9,395861.0,2017
404,E09000009,Ealing,9,577818.0,2017
405,E09000010,Enfield,9,461150.0,2017
406,E09000011,Greenwich,9,463021.0,2017
407,E09000012,Hackney,9,603130.0,2017
408,E09000013,Hammersmith and Fulham,9,965532.0,2017
409,E09000014,Haringey,9,668129.0,2017
410,E09000015,Harrow,9,526389.0,2017
411,E09000016,Havering,9,379655.0,2017
412,E09000017,Hillingdon,9,452468.0,2017
413,E09000018,Hounslow,9,484162.0,2017
414,E09000019,Islington,9,786563.0,2017
415,E09000020,Kensington and Chelsea,9,2087382.0,2017
416,E09000021,Kingston upon Thames,9,569994.0,2017
417,E09000022,Lambeth,9,606992.0,2017
418,E09000023,Lewisham,9,464842.0,2017
419,E09000024,Merton,9,622630.0,2017
420,E09000025,Newham,9,408103.0,2017
421,E09000026,Redbridge,9,446246.0,2017
422,E09000027,Richmond upon Thames,9,807646.0,2017
423,E09000028,Southwark,9,667660.0,2017
424,E09000029,Sutton,9,397078.0,2017
425,E09000030,Tower Hamlets,9,545748.0,2017
426,E09000031,Waltham Forest,9,454901.0,2017
427,E09000032,Wandsworth,9,816530.0,2017
428,E09000033,Westminster,9,1644862.0,2017
429,E09000001,City of London,12,950759.0,2017
430,E09000002,Barking and Dagenham,12,301518.0,2017
431,E09000003,Barnet,12,667593.0,2017
432,E09000004,Bexley,12,357778.0,2017
433,E09000005,Brent,12,578704.0,2017
434,E09000006,Bromley,12,502622.0,2017
435,E09000007,Camden,12,1099875.0,2017
436,E09000008,Croydon,12,399645.0,2017
437,E09000009,Ealing,12,578109.0,2017
438,E09000010,Enfield,12,463805.0,2017
439,E09000011,Greenwich,12,462819.0,2017
440,E09000012,Hackney,12,614954.0,2017
441,E09000013,Hammersmith and Fulham,12,972231.0,2017
442,E09000014,Haringey,12,683987.0,2017
443,E09000015,Harrow,12,527206.0,2017
444,E09000016,Havering,12,387535.0,2017
445,E09000017,Hillingdon,12,452271.0,2017
446,E09000018,Hounslow,12,507876.0,2017
447,E09000019,Islington,12,778290.0,2017
448,E09000020,Kensington and Chelsea,12,2092484.0,2017
449,E09000021,Kingston upon Thames,12,573938.0,2017
450,E09000022,Lambeth,12,616125.0,2017
451,E09000023,Lewisham,12,475142.0,2017
452,E09000024,Merton,12,638519.0,2017
453,E09000025,Newham,12,409477.0,2017
454,E09000026,Redbridge,12,452436.0,2017
455,E09000027,Richmond upon Thames,12,819043.0,2017
456,E09000028,Southwark,12,641209.0,2017
457,E09000029,Sutton,12,402120.0,2017
458,E09000030,Tower Hamlets,12,554009.0,2017
459,E09000031,Waltham Forest,12,459921.0,2017
460,E09000032,Wandsworth,12,818443.0,2017
461,E09000033,Westminster,12,1718123.0,2017
462,E09000001,City of London,10,886406.0,2014
463,E09000002,Barking and Dagenham,10,211464.5,2014
464,E09000003,Barnet,10,532309.5,2014
465,E09000004,Bexley,10,263003.5,2014
466,E09000005,Brent,10,463774.5,2014
467,E09000006,Bromley,10,393486.5,2014
468,E09000007,Camden,10,941062.5,2014
469,E09000008,Croydon,10,296443.0,2014
470,E09000009,Ealing,10,494104.5,2014
471,E09000010,Enfield,10,344347.5,2014
472,E09000011,Greenwich,10,367755.0,2014
473,E09000012,Hackney,10,493400.5,2014
474,E09000013,Hammersmith and Fulham,10,861851.5,2014
475,E09000014,Haringey,10,535342.5,2014
476,E09000015,Harrow,10,421616.5,2014
477,E09000016,Havering,10,279768.0,2014
478,E09000017,Hillingdon,10,341553.5,2014
479,E09000018,Hounslow,10,422390.0,2014
480,E09000019,Islington,10,658033.5,2014
481,E09000020,Kensington and Chelsea,10,1916287.0,2014
482,E09000021,Kingston upon Thames,10,465437.5,2014
483,E09000022,Lambeth,10,532642.5,2014
484,E09000023,Lewisham,10,353312.5,2014
485,E09000024,Merton,10,527310.5,2014
486,E09000025,Newham,10,264131.0,2014
487,E09000026,Redbridge,10,333600.5,2014
488,E09000027,Richmond upon Thames,10,716881.0,2014
489,E09000028,Southwark,10,509615.0,2014
490,E09000029,Sutton,10,316466.5,2014
491,E09000030,Tower Hamlets,10,442446.5,2014
492,E09000031,Waltham Forest,10,326837.5,2014
493,E09000032,Wandsworth,10,670698.5,2014
494,E09000033,Westminster,10,1429562.0,2014
495,E09000001,City of London,11,894045.0,2014
496,E09000002,Barking and Dagenham,11,215810.0,2014
497,E09000003,Barnet,11,534786.0,2014
498,E09000004,Bexley,11,267267.0,2014
499,E09000005,Brent,11,468858.0,2014
500,E09000006,Bromley,11,397486.0,2014
501,E09000007,Camden,11,966927.0,2014
502,E09000008,Croydon,11,300572.0,2014
503,E09000009,Ealing,11,501526.0,2014
504,E09000010,Enfield,11,350007.0,2014
505,E09000011,Greenwich,11,369976.0,2014
506,E09000012,Hackney,11,501632.0,2014
507,E09000013,Hammersmith and Fulham,11,886073.0,2014
508,E09000014,Haringey,11,542902.0,2014
509,E09000015,Harrow,11,427077.0,2014
510,E09000016,Havering,11,284185.0,2014
511,E09000017,Hillingdon,11,348123.0,2014
512,E09000018,Hounslow,11,427359.0,2014
513,E09000019,Islington,11,669868.0,2014
514,E09000020,Kensington and Chelsea,11,1946176.0,2014
515,E09000021,Kingston upon Thames,11,475080.0,2014
516,E09000022,Lambeth,11,538039.0,2014
517,E09000023,Lewisham,11,360998.0,2014
518,E09000024,Merton,11,537708.0,2014
519,E09000025,Newham,11,269497.0,2014
520,E09000026,Redbridge,11,338666.0,2014
521,E09000027,Richmond upon Thames,11,730458.0,2014
522,E09000028,Southwark,11,518143.0,2014
523,E09000029,Sutton,11,322434.0,2014
524,E09000030,Tower Hamlets,11,445318.0,2014
525,E09000031,Waltham Forest,11,334325.0,2014
526,E09000032,Wandsworth,11,681730.0,2014
527,E09000033,Westminster,11,1464108.0,2014
528,E09000001,City of London,1,898317.0,2015
529,E09000002,Barking and Dagenham,1,218419.5,2015
530,E09000003,Barnet,1,539586.0,2015
531,E09000004,Bexley,1,270967.5,2015
532,E09000005,Brent,1,475063.5,2015
533,E09000006,Bromley,1,403859.5,2015
534,E09000007,Camden,1,975785.0,2015
535,E09000008,Croydon,1,305098.0,2015
536,E09000009,Ealing,1,503859.0,2015
537,E09000010,Enfield,1,356592.5,2015
538,E09000011,Greenwich,1,371447.0,2015
539,E09000012,Hackney,1,504574.5,2015
540,E09000013,Hammersmith and Fulham,1,895880.5,2015
541,E09000014,Haringey,1,546605.5,2015
542,E09000015,Harrow,1,433107.0,2015
543,E09000016,Havering,1,286960.0,2015
544,E09000017,Hillingdon,1,354971.5,2015
545,E09000018,Hounslow,1,428506.0,2015
546,E09000019,Islington,1,678081.0,2015
547,E09000020,Kensington and Chelsea,1,1948821.5,2015
548,E09000021,Kingston upon Thames,1,477682.5,2015
549,E09000022,Lambeth,1,537504.0,2015
550,E09000023,Lewisham,1,366932.5,2015
551,E09000024,Merton,1,546308.5,2015
552,E09000025,Newham,1,274596.5,2015
553,E09000026,Redbridge,1,344353.5,2015
554,E09000027,Richmond upon Thames,1,737052.0,2015
555,E09000028,Southwark,1,527025.0,2015
556,E09000029,Sutton,1,326333.5,2015
557,E09000030,Tower Hamlets,1,445858.5,2015
558,E09000031,Waltham Forest,1,339618.5,2015
559,E09000032,Wandsworth,1,686797.0,2015
560,E09000033,Westminster,1,1477234.0,2015
561,E09000001,City of London,2,902589.0,2015
562,E09000002,Barking and Dagenham,2,221029.0,2015
563,E09000003,Barnet,2,544386.0,2015
564,E09000004,Bexley,2,274668.0,2015
565,E09000005,Brent,2,481269.0,2015
566,E09000006,Bromley,2,410233.0,2015
567,E09000007,Camden,2,984643.0,2015
568,E09000008,Croydon,2,309624.0,2015
569,E09000009,Ealing,2,506192.0,2015
570,E09000010,Enfield,2,363178.0,2015
571,E09000011,Greenwich,2,372918.0,2015
572,E09000012,Hackney,2,507517.0,2015
573,E09000013,Hammersmith and Fulham,2,905688.0,2015
574,E09000014,Haringey,2,550309.0,2015
575,E09000015,Harrow,2,439137.0,2015
576,E09000016,Havering,2,289735.0,2015
577,E09000017,Hillingdon,2,361820.0,2015
578,E09000018,Hounslow,2,429653.0,2015
579,E09000019,Islington,2,686294.0,2015
580,E09000020,Kensington and Chelsea,2,1951467.0,2015
581,E09000021,Kingston upon Thames,2,480285.0,2015
582,E09000022,Lambeth,2,536969.0,2015
583,E09000023,Lewisham,2,372867.0,2015
584,E09000024,Merton,2,554909.0,2015
585,E09000025,Newham,2,279696.0,2015
586,E09000026,Redbridge,2,350041.0,2015
587,E09000027,Richmond upon Thames,2,743646.0,2015
588,E09000028,Southwark,2,535907.0,2015
589,E09000029,Sutton,2,330233.0,2015
590,E09000030,Tower Hamlets,2,446399.0,2015
591,E09000031,Waltham Forest,2,344912.0,2015
592,E09000032,Wandsworth,2,691864.0,2015
593,E09000033,Westminster,2,1490360.0,2015
594,E09000001,City of London,4,917176.0,2015
595,E09000002,Barking and Dagenham,4,223645.0,2015
596,E09000003,Barnet,4,548792.5,2015
597,E09000004,Bexley,4,276264.5,2015
598,E09000005,Brent,4,486193.5,2015
599,E09000006,Bromley,4,414158.5,2015
600,E09000007,Camden,4,990655.0,2015
601,E09000008,Croydon,4,314107.0,2015
602,E09000009,Ealing,4,506978.5,2015
603,E09000010,Enfield,4,367379.0,2015
604,E09000011,Greenwich,4,371995.5,2015
605,E09000012,Hackney,4,516063.5,2015
606,E09000013,Hammersmith and Fulham,4,924446.5,2015
607,E09000014,Haringey,4,549979.5,2015
608,E09000015,Harrow,4,441781.0,2015
609,E09000016,Havering,4,291934.0,2015
610,E09000017,Hillingdon,4,365134.0,2015
611,E09000018,Hounslow,4,438747.0,2015
612,E09000019,Islington,4,696717.0,2015
613,E09000020,Kensington and Chelsea,4,1949951.5,2015
614,E09000021,Kingston upon Thames,4,487148.5,2015
615,E09000022,Lambeth,4,530644.5,2015
616,E09000023,Lewisham,4,375035.5,2015
617,E09000024,Merton,4,558254.0,2015
618,E09000025,Newham,4,285754.0,2015
619,E09000026,Redbridge,4,355888.5,2015
620,E09000027,Richmond upon Thames,4,743360.0,2015
621,E09000028,Southwark,4,541517.0,2015
622,E09000029,Sutton,4,334438.0,2015
623,E09000030,Tower Hamlets,4,448345.0,2015
624,E09000031,Waltham Forest,4,351659.0,2015
625,E09000032,Wandsworth,4,687033.5,2015
626,E09000033,Westminster,4,1479323.5,2015
627,E09000001,City of London,5,931763.0,2015
628,E09000002,Barking and Dagenham,5,226261.0,2015
629,E09000003,Barnet,5,553199.0,2015
630,E09000004,Bexley,5,277861.0,2015
631,E09000005,Brent,5,491118.0,2015
632,E09000006,Bromley,5,418084.0,2015
633,E09000007,Camden,5,996667.0,2015
634,E09000008,Croydon,5,318590.0,2015
635,E09000009,Ealing,5,507765.0,2015
636,E09000010,Enfield,5,371580.0,2015
637,E09000011,Greenwich,5,371073.0,2015
638,E09000012,Hackney,5,524610.0,2015
639,E09000013,Hammersmith and Fulham,5,943205.0,2015
640,E09000014,Haringey,5,549650.0,2015
641,E09000015,Harrow,5,444425.0,2015
642,E09000016,Havering,5,294133.0,2015
643,E09000017,Hillingdon,5,368448.0,2015
644,E09000018,Hounslow,5,447841.0,2015
645,E09000019,Islington,5,707140.0,2015
646,E09000020,Kensington and Chelsea,5,1948436.0,2015
647,E09000021,Kingston upon Thames,5,494012.0,2015
648,E09000022,Lambeth,5,524320.0,2015
649,E09000023,Lewisham,5,377204.0,2015
650,E09000024,Merton,5,561599.0,2015
651,E09000025,Newham,5,291812.0,2015
652,E09000026,Redbridge,5,361736.0,2015
653,E09000027,Richmond upon Thames,5,743074.0,2015
654,E09000028,Southwark,5,547127.0,2015
655,E09000029,Sutton,5,338643.0,2015
656,E09000030,Tower Hamlets,5,450291.0,2015
657,E09000031,Waltham Forest,5,358406.0,2015
658,E09000032,Wandsworth,5,682203.0,2015
659,E09000033,Westminster,5,1468287.0,2015
660,E09000001,City of London,7,930555.0,2015
661,E09000002,Barking and Dagenham,7,230243.0,2015
662,E09000003,Barnet,7,553101.0,2015
663,E09000004,Bexley,7,281841.5,2015
664,E09000005,Brent,7,492605.0,2015
665,E09000006,Bromley,7,423840.0,2015
666,E09000007,Camden,7,1018917.5,2015
667,E09000008,Croydon,7,323524.0,2015
668,E09000009,Ealing,7,508570.5,2015
669,E09000010,Enfield,7,375184.5,2015
670,E09000011,Greenwich,7,376835.0,2015
671,E09000012,Hackney,7,532431.5,2015
672,E09000013,Hammersmith and Fulham,7,945155.0,2015
673,E09000014,Haringey,7,547063.0,2015
674,E09000015,Harrow,7,447636.5,2015
675,E09000016,Havering,7,301363.5,2015
676,E09000017,Hillingdon,7,374782.5,2015
677,E09000018,Hounslow,7,452136.5,2015
678,E09000019,Islington,7,716772.5,2015
679,E09000020,Kensington and Chelsea,7,1941873.5,2015
680,E09000021,Kingston upon Thames,7,494941.5,2015
681,E09000022,Lambeth,7,534089.5,2015
682,E09000023,Lewisham,7,383346.5,2015
683,E09000024,Merton,7,560662.5,2015
684,E09000025,Newham,7,296863.5,2015
685,E09000026,Redbridge,7,368292.0,2015
686,E09000027,Richmond upon Thames,7,748549.0,2015
687,E09000028,Southwark,7,553065.0,2015
688,E09000029,Sutton,7,342864.0,2015
689,E09000030,Tower Hamlets,7,456484.0,2015
690,E09000031,Waltham Forest,7,364648.0,2015
691,E09000032,Wandsworth,7,681206.5,2015
692,E09000033,Westminster,7,1440184.5,2015
693,E09000001,City of London,8,929347.0,2015
694,E09000002,Barking and Dagenham,8,234225.0,2015
695,E09000003,Barnet,8,553003.0,2015
696,E09000004,Bexley,8,285822.0,2015
697,E09000005,Brent,8,494092.0,2015
698,E09000006,Bromley,8,429596.0,2015
699,E09000007,Camden,8,1041168.0,2015
700,E09000008,Croydon,8,328458.0,2015
701,E09000009,Ealing,8,509376.0,2015
702,E09000010,Enfield,8,378789.0,2015
703,E09000011,Greenwich,8,382597.0,2015
704,E09000012,Hackney,8,540253.0,2015
705,E09000013,Hammersmith and Fulham,8,947105.0,2015
706,E09000014,Haringey,8,544476.0,2015
707,E09000015,Harrow,8,450848.0,2015
708,E09000016,Havering,8,308594.0,2015
709,E09000017,Hillingdon,8,381117.0,2015
710,E09000018,Hounslow,8,456432.0,2015
711,E09000019,Islington,8,726405.0,2015
712,E09000020,Kensington and Chelsea,8,1935311.0,2015
713,E09000021,Kingston upon Thames,8,495871.0,2015
714,E09000022,Lambeth,8,543859.0,2015
715,E09000023,Lewisham,8,389489.0,2015
716,E09000024,Merton,8,559726.0,2015
717,E09000025,Newham,8,301915.0,2015
718,E09000026,Redbridge,8,374848.0,2015
719,E09000027,Richmond upon Thames,8,754024.0,2015
720,E09000028,Southwark,8,559003.0,2015
721,E09000029,Sutton,8,347085.0,2015
722,E09000030,Tower Hamlets,8,462677.0,2015
723,E09000031,Waltham Forest,8,370890.0,2015
724,E09000032,Wandsworth,8,680210.0,2015
725,E09000033,Westminster,8,1412082.0,2015
726,E09000001,City of London,10,927819.0,2015
727,E09000002,Barking and Dagenham,10,239175.5,2015
728,E09000003,Barnet,10,559938.5,2015
729,E09000004,Bexley,10,290541.5,2015
730,E09000005,Brent,10,500206.5,2015
731,E09000006,Bromley,10,435635.5,2015
732,E09000007,Camden,10,1040601.0,2015
733,E09000008,Croydon,10,334613.0,2015
734,E09000009,Ealing,10,517171.0,2015
735,E09000010,Enfield,10,384345.5,2015
736,E09000011,Greenwich,10,391856.5,2015
737,E09000012,Hackney,10,552506.5,2015
738,E09000013,Hammersmith and Fulham,10,944000.5,2015
739,E09000014,Haringey,10,556987.5,2015
740,E09000015,Harrow,10,456383.5,2015
741,E09000016,Havering,10,313200.0,2015
742,E09000017,Hillingdon,10,387479.5,2015
743,E09000018,Hounslow,10,459228.0,2015
744,E09000019,Islington,10,735084.5,2015
745,E09000020,Kensington and Chelsea,10,1924837.0,2015
746,E09000021,Kingston upon Thames,10,498981.0,2015
747,E09000022,Lambeth,10,548990.0,2015
748,E09000023,Lewisham,10,396538.5,2015
749,E09000024,Merton,10,565544.0,2015
750,E09000025,Newham,10,310631.5,2015
751,E09000026,Redbridge,10,381382.0,2015
752,E09000027,Richmond upon Thames,10,754107.5,2015
753,E09000028,Southwark,10,571034.0,2015
754,E09000029,Sutton,10,352955.0,2015
755,E09000030,Tower Hamlets,10,473049.5,2015
756,E09000031,Waltham Forest,10,377627.5,2015
757,E09000032,Wandsworth,10,683899.0,2015
758,E09000033,Westminster,10,1386586.0,2015
759,E09000001,City of London,11,926291.0,2015
760,E09000002,Barking and Dagenham,11,244126.0,2015
761,E09000003,Barnet,11,566874.0,2015
762,E09000004,Bexley,11,295261.0,2015
763,E09000005,Brent,11,506321.0,2015
764,E09000006,Bromley,11,441675.0,2015
765,E09000007,Camden,11,1040034.0,2015
766,E09000008,Croydon,11,340768.0,2015
767,E09000009,Ealing,11,524966.0,2015
768,E09000010,Enfield,11,389902.0,2015
769,E09000011,Greenwich,11,401116.0,2015
770,E09000012,Hackney,11,564760.0,2015
771,E09000013,Hammersmith and Fulham,11,940896.0,2015
772,E09000014,Haringey,11,569499.0,2015
773,E09000015,Harrow,11,461919.0,2015
774,E09000016,Havering,11,317806.0,2015
775,E09000017,Hillingdon,11,393842.0,2015
776,E09000018,Hounslow,11,462024.0,2015
777,E09000019,Islington,11,743764.0,2015
778,E09000020,Kensington and Chelsea,11,1914363.0,2015
779,E09000021,Kingston upon Thames,11,502091.0,2015
780,E09000022,Lambeth,11,554121.0,2015
781,E09000023,Lewisham,11,403588.0,2015
782,E09000024,Merton,11,571362.0,2015
783,E09000025,Newham,11,319348.0,2015
784,E09000026,Redbridge,11,387916.0,2015
785,E09000027,Richmond upon Thames,11,754191.0,2015
786,E09000028,Southwark,11,583065.0,2015
787,E09000029,Sutton,11,358825.0,2015
788,E09000030,Tower Hamlets,11,483422.0,2015
789,E09000031,Waltham Forest,11,384365.0,2015
790,E09000032,Wandsworth,11,687588.0,2015
791,E09000033,Westminster,11,1361090.0,2015
792,E09000001,City of London,1,930947.5,2016
793,E09000002,Barking and Dagenham,1,249152.0,2016
794,E09000003,Barnet,1,571817.5,2016
795,E09000004,Bexley,1,300829.5,2016
796,E09000005,Brent,1,510867.0,2016
797,E09000006,Bromley,1,446675.0,2016
798,E09000007,Camden,1,1062605.5,2016
799,E09000008,Croydon,1,345848.0,2016
800,E09000009,Ealing,1,532286.5,2016
801,E09000010,Enfield,1,397167.0,2016
802,E09000011,Greenwich,1,409172.5,2016
803,E09000012,Hackney,1,575933.5,2016
804,E09000013,Hammersmith and Fulham,1,942760.5,2016
805,E09000014,Haringey,1,578574.5,2016
806,E09000015,Harrow,1,468019.5,2016
807,E09000016,Havering,1,323051.5,2016
808,E09000017,Hillingdon,1,400955.0,2016
809,E09000018,Hounslow,1,471492.0,2016
810,E09000019,Islington,1,743806.0,2016
811,E09000020,Kensington and Chelsea,1,1931309.0,2016
812,E09000021,Kingston upon Thames,1,510463.0,2016
813,E09000022,Lambeth,1,559972.0,2016
814,E09000023,Lewisham,1,408635.5,2016
815,E09000024,Merton,1,576486.5,2016
816,E09000025,Newham,1,326119.0,2016
817,E09000026,Redbridge,1,393239.0,2016
818,E09000027,Richmond upon Thames,1,763132.5,2016
819,E09000028,Southwark,1,595390.0,2016
820,E09000029,Sutton,1,363877.5,2016
821,E09000030,Tower Hamlets,1,492476.0,2016
822,E09000031,Waltham Forest,1,392423.0,2016
823,E09000032,Wandsworth,1,700667.5,2016
824,E09000033,Westminster,1,1387088.0,2016
825,E09000001,City of London,2,935604.0,2016
826,E09000002,Barking and Dagenham,2,254178.0,2016
827,E09000003,Barnet,2,576761.0,2016
828,E09000004,Bexley,2,306398.0,2016
829,E09000005,Brent,2,515413.0,2016
830,E09000006,Bromley,2,451675.0,2016
831,E09000007,Camden,2,1085177.0,2016
832,E09000008,Croydon,2,350928.0,2016
833,E09000009,Ealing,2,539607.0,2016
834,E09000010,Enfield,2,404432.0,2016
835,E09000011,Greenwich,2,417229.0,2016
836,E09000012,Hackney,2,587107.0,2016
837,E09000013,Hammersmith and Fulham,2,944625.0,2016
838,E09000014,Haringey,2,587650.0,2016
839,E09000015,Harrow,2,474120.0,2016
840,E09000016,Havering,2,328297.0,2016
841,E09000017,Hillingdon,2,408068.0,2016
842,E09000018,Hounslow,2,480960.0,2016
843,E09000019,Islington,2,743848.0,2016
844,E09000020,Kensington and Chelsea,2,1948255.0,2016
845,E09000021,Kingston upon Thames,2,518835.0,2016
846,E09000022,Lambeth,2,565823.0,2016
847,E09000023,Lewisham,2,413683.0,2016
848,E09000024,Merton,2,581611.0,2016
849,E09000025,Newham,2,332890.0,2016
850,E09000026,Redbridge,2,398562.0,2016
851,E09000027,Richmond upon Thames,2,772074.0,2016
852,E09000028,Southwark,2,607715.0,2016
853,E09000029,Sutton,2,368930.0,2016
854,E09000030,Tower Hamlets,2,501530.0,2016
855,E09000031,Waltham Forest,2,400481.0,2016
856,E09000032,Wandsworth,2,713747.0,2016
857,E09000033,Westminster,2,1413086.0,2016
858,E09000001,City of London,4,926719.0,2016
859,E09000002,Barking and Dagenham,4,259718.5,2016
860,E09000003,Barnet,4,579399.5,2016
861,E09000004,Bexley,4,313083.5,2016
862,E09000005,Brent,4,516318.5,2016
863,E09000006,Bromley,4,456751.5,2016
864,E09000007,Camden,4,1086902.5,2016
865,E09000008,Croydon,4,354435.0,2016
866,E09000009,Ealing,4,541119.5,2016
867,E09000010,Enfield,4,411895.0,2016
868,E09000011,Greenwich,4,421778.0,2016
869,E09000012,Hackney,4,590901.0,2016
870,E09000013,Hammersmith and Fulham,4,940726.0,2016
871,E09000014,Haringey,4,596157.5,2016
872,E09000015,Harrow,4,476181.5,2016
873,E09000016,Havering,4,332386.0,2016
874,E09000017,Hillingdon,4,415025.5,2016
875,E09000018,Hounslow,4,483377.0,2016
876,E09000019,Islington,4,743110.0,2016
877,E09000020,Kensington and Chelsea,4,1937194.5,2016
878,E09000021,Kingston upon Thames,4,524736.5,2016
879,E09000022,Lambeth,4,572405.5,2016
880,E09000023,Lewisham,4,419474.0,2016
881,E09000024,Merton,4,586063.5,2016
882,E09000025,Newham,4,337806.0,2016
883,E09000026,Redbridge,4,401996.5,2016
884,E09000027,Richmond upon Thames,4,773368.5,2016
885,E09000028,Southwark,4,615628.5,2016
886,E09000029,Sutton,4,372844.0,2016
887,E09000030,Tower Hamlets,4,508186.0,2016
888,E09000031,Waltham Forest,4,406009.0,2016
889,E09000032,Wandsworth,4,722804.5,2016
890,E09000033,Westminster,4,1444506.0,2016
891,E09000001,City of London,5,917834.0,2016
892,E09000002,Barking and Dagenham,5,265259.0,2016
893,E09000003,Barnet,5,582038.0,2016
894,E09000004,Bexley,5,319769.0,2016
895,E09000005,Brent,5,517224.0,2016
896,E09000006,Bromley,5,461828.0,2016
897,E09000007,Camden,5,1088628.0,2016
898,E09000008,Croydon,5,357942.0,2016
899,E09000009,Ealing,5,542632.0,2016
900,E09000010,Enfield,5,419358.0,2016
901,E09000011,Greenwich,5,426327.0,2016
902,E09000012,Hackney,5,594695.0,2016
903,E09000013,Hammersmith and Fulham,5,936827.0,2016
904,E09000014,Haringey,5,604665.0,2016
905,E09000015,Harrow,5,478243.0,2016
906,E09000016,Havering,5,336475.0,2016
907,E09000017,Hillingdon,5,421983.0,2016
908,E09000018,Hounslow,5,485794.0,2016
909,E09000019,Islington,5,742372.0,2016
910,E09000020,Kensington and Chelsea,5,1926134.0,2016
911,E09000021,Kingston upon Thames,5,530638.0,2016
912,E09000022,Lambeth,5,578988.0,2016
913,E09000023,Lewisham,5,425265.0,2016
914,E09000024,Merton,5,590516.0,2016
915,E09000025,Newham,5,342722.0,2016
916,E09000026,Redbridge,5,405431.0,2016
917,E09000027,Richmond upon Thames,5,774663.0,2016
918,E09000028,Southwark,5,623542.0,2016
919,E09000029,Sutton,5,376758.0,2016
920,E09000030,Tower Hamlets,5,514842.0,2016
921,E09000031,Waltham Forest,5,411537.0,2016
922,E09000032,Wandsworth,5,731862.0,2016
923,E09000033,Westminster,5,1475926.0,2016
924,E09000001,City of London,7,906829.0,2016
925,E09000002,Barking and Dagenham,7,270590.5,2016
926,E09000003,Barnet,7,581536.5,2016
927,E09000004,Bexley,7,325606.5,2016
928,E09000005,Brent,7,522025.5,2016
929,E09000006,Bromley,7,465778.5,2016
930,E09000007,Camden,7,1067272.0,2016
931,E09000008,Croydon,7,362194.5,2016
932,E09000009,Ealing,7,544318.5,2016
933,E09000010,Enfield,7,429093.0,2016
934,E09000011,Greenwich,7,430650.5,2016
935,E09000012,Hackney,7,602203.0,2016
936,E09000013,Hammersmith and Fulham,7,934111.5,2016
937,E09000014,Haringey,7,609728.0,2016
938,E09000015,Harrow,7,485175.0,2016
939,E09000016,Havering,7,342079.5,2016
940,E09000017,Hillingdon,7,426230.5,2016
941,E09000018,Hounslow,7,483101.5,2016
942,E09000019,Islington,7,743703.5,2016
943,E09000020,Kensington and Chelsea,7,1906537.0,2016
944,E09000021,Kingston upon Thames,7,535141.0,2016
945,E09000022,Lambeth,7,580156.5,2016
946,E09000023,Lewisham,7,429137.0,2016
947,E09000024,Merton,7,587684.5,2016
948,E09000025,Newham,7,347245.5,2016
949,E09000026,Redbridge,7,410181.0,2016
950,E09000027,Richmond upon Thames,7,775566.5,2016
951,E09000028,Southwark,7,624057.0,2016
952,E09000029,Sutton,7,380159.5,2016
953,E09000030,Tower Hamlets,7,517660.5,2016
954,E09000031,Waltham Forest,7,416580.5,2016
955,E09000032,Wandsworth,7,743153.0,2016
956,E09000033,Westminster,7,1499534.5,2016
957,E09000001,City of London,8,895824.0,2016
958,E09000002,Barking and Dagenham,8,275922.0,2016
959,E09000003,Barnet,8,581035.0,2016
960,E09000004,Bexley,8,331444.0,2016
961,E09000005,Brent,8,526827.0,2016
962,E09000006,Bromley,8,469729.0,2016
963,E09000007,Camden,8,1045916.0,2016
964,E09000008,Croydon,8,366447.0,2016
965,E09000009,Ealing,8,546005.0,2016
966,E09000010,Enfield,8,438828.0,2016
967,E09000011,Greenwich,8,434974.0,2016
968,E09000012,Hackney,8,609711.0,2016
969,E09000013,Hammersmith and Fulham,8,931396.0,2016
970,E09000014,Haringey,8,614791.0,2016
971,E09000015,Harrow,8,492107.0,2016
972,E09000016,Havering,8,347684.0,2016
973,E09000017,Hillingdon,8,430478.0,2016
974,E09000018,Hounslow,8,480409.0,2016
975,E09000019,Islington,8,745035.0,2016
976,E09000020,Kensington and Chelsea,8,1886940.0,2016
977,E09000021,Kingston upon Thames,8,539644.0,2016
978,E09000022,Lambeth,8,581325.0,2016
979,E09000023,Lewisham,8,433009.0,2016
980,E09000024,Merton,8,584853.0,2016
981,E09000025,Newham,8,351769.0,2016
982,E09000026,Redbridge,8,414931.0,2016
983,E09000027,Richmond upon Thames,8,776470.0,2016
984,E09000028,Southwark,8,624572.0,2016
985,E09000029,Sutton,8,383561.0,2016
986,E09000030,Tower Hamlets,8,520479.0,2016
987,E09000031,Waltham Forest,8,421624.0,2016
988,E09000032,Wandsworth,8,754444.0,2016
989,E09000033,Westminster,8,1523143.0,2016
990,E09000001,City of London,10,911930.0,2016
991,E09000002,Barking and Dagenham,10,282549.0,2016
992,E09000003,Barnet,10,582618.5,2016
993,E09000004,Bexley,10,336034.5,2016
994,E09000005,Brent,10,522161.5,2016
995,E09000006,Bromley,10,473935.0,2016
996,E09000007,Camden,10,1054581.5,2016
997,E09000008,Croydon,10,369250.5,2016
998,E09000009,Ealing,10,549836.5,2016
999,E09000010,Enfield,10,444560.5,2016
1000,E09000011,Greenwich,10,440202.5,2016
1001,E09000012,Hackney,10,606276.5,2016
1002,E09000013,Hammersmith and Fulham,10,935810.0,2016
1003,E09000014,Haringey,10,610709.5,2016
1004,E09000015,Harrow,10,498458.5,2016
1005,E09000016,Havering,10,353142.5,2016
1006,E09000017,Hillingdon,10,435111.5,2016
1007,E09000018,Hounslow,10,478338.5,2016
1008,E09000019,Islington,10,749774.0,2016
1009,E09000020,Kensington and Chelsea,10,1920166.0,2016
1010,E09000021,Kingston upon Thames,10,543428.5,2016
1011,E09000022,Lambeth,10,584952.0,2016
1012,E09000023,Lewisham,10,433889.0,2016
1013,E09000024,Merton,10,586111.5,2016
1014,E09000025,Newham,10,361122.5,2016
1015,E09000026,Redbridge,10,419030.0,2016
1016,E09000027,Richmond upon Thames,10,775913.0,2016
1017,E09000028,Southwark,10,634214.5,2016
1018,E09000029,Sutton,10,385572.5,2016
1019,E09000030,Tower Hamlets,10,522493.0,2016
1020,E09000031,Waltham Forest,10,426750.5,2016
1021,E09000032,Wandsworth,10,764964.0,2016
1022,E09000033,Westminster,10,1551490.5,2016
1023,E09000001,City of London,11,928036.0,2016
1024,E09000002,Barking and Dagenham,11,289176.0,2016
1025,E09000003,Barnet,11,584202.0,2016
1026,E09000004,Bexley,11,340625.0,2016
1027,E09000005,Brent,11,517496.0,2016
1028,E09000006,Bromley,11,478141.0,2016
1029,E09000007,Camden,11,1063247.0,2016
1030,E09000008,Croydon,11,372054.0,2016
1031,E09000009,Ealing,11,553668.0,2016
1032,E09000010,Enfield,11,450293.0,2016
1033,E09000011,Greenwich,11,445431.0,2016
1034,E09000012,Hackney,11,602842.0,2016
1035,E09000013,Hammersmith and Fulham,11,940224.0,2016
1036,E09000014,Haringey,11,606628.0,2016
1037,E09000015,Harrow,11,504810.0,2016
1038,E09000016,Havering,11,358601.0,2016
1039,E09000017,Hillingdon,11,439745.0,2016
1040,E09000018,Hounslow,11,476268.0,2016
1041,E09000019,Islington,11,754513.0,2016
1042,E09000020,Kensington and Chelsea,11,1953392.0,2016
1043,E09000021,Kingston upon Thames,11,547213.0,2016
1044,E09000022,Lambeth,11,588579.0,2016
1045,E09000023,Lewisham,11,434769.0,2016
1046,E09000024,Merton,11,587370.0,2016
1047,E09000025,Newham,11,370476.0,2016
1048,E09000026,Redbridge,11,423129.0,2016
1049,E09000027,Richmond upon Thames,11,775356.0,2016
1050,E09000028,Southwark,11,643857.0,2016
1051,E09000029,Sutton,11,387584.0,2016
1052,E09000030,Tower Hamlets,11,524507.0,2016
1053,E09000031,Waltham Forest,11,431877.0,2016
1054,E09000032,Wandsworth,11,775484.0,2016
1055,E09000033,Westminster,11,1579838.0,2016
1056,E09000001,City of London,1,928536.5,2017
1057,E09000002,Barking and Dagenham,1,294279.5,2017
1058,E09000003,Barnet,1,587512.5,2017
1059,E09000004,Bexley,1,342989.0,2017
1060,E09000005,Brent,1,517802.0,2017
1061,E09000006,Bromley,1,480994.0,2017
1062,E09000007,Camden,1,1046342.5,2017
1063,E09000008,Croydon,1,374709.5,2017
1064,E09000009,Ealing,1,553113.5,2017
1065,E09000010,Enfield,1,454776.5,2017
1066,E09000011,Greenwich,1,449127.5,2017
1067,E09000012,Hackney,1,600694.0,2017
1068,E09000013,Hammersmith and Fulham,1,936577.0,2017
1069,E09000014,Haringey,1,616550.0,2017
1070,E09000015,Harrow,1,508200.0,2017
1071,E09000016,Havering,1,362711.5,2017
1072,E09000017,Hillingdon,1,441990.5,2017
1073,E09000018,Hounslow,1,479251.5,2017
1074,E09000019,Islington,1,758057.0,2017
1075,E09000020,Kensington and Chelsea,1,1968857.5,2017
1076,E09000021,Kingston upon Thames,1,549830.5,2017
1077,E09000022,Lambeth,1,588701.5,2017
1078,E09000023,Lewisham,1,438087.0,2017
1079,E09000024,Merton,1,591282.0,2017
1080,E09000025,Newham,1,377795.5,2017
1081,E09000026,Redbridge,1,426357.5,2017
1082,E09000027,Richmond upon Thames,1,777733.0,2017
1083,E09000028,Southwark,1,647518.0,2017
1084,E09000029,Sutton,1,389533.5,2017
1085,E09000030,Tower Hamlets,1,525959.5,2017
1086,E09000031,Waltham Forest,1,436255.0,2017
1087,E09000032,Wandsworth,1,781920.5,2017
1088,E09000033,Westminster,1,1594748.0,2017
1089,E09000001,City of London,2,929037.0,2017
1090,E09000002,Barking and Dagenham,2,299383.0,2017
1091,E09000003,Barnet,2,590823.0,2017
1092,E09000004,Bexley,2,345353.0,2017
1093,E09000005,Brent,2,518108.0,2017
1094,E09000006,Bromley,2,483847.0,2017
1095,E09000007,Camden,2,1029438.0,2017
1096,E09000008,Croydon,2,377365.0,2017
1097,E09000009,Ealing,2,552559.0,2017
1098,E09000010,Enfield,2,459260.0,2017
1099,E09000011,Greenwich,2,452824.0,2017
1100,E09000012,Hackney,2,598546.0,2017
1101,E09000013,Hammersmith and Fulham,2,932930.0,2017
1102,E09000014,Haringey,2,626472.0,2017
1103,E09000015,Harrow,2,511590.0,2017
1104,E09000016,Havering,2,366822.0,2017
1105,E09000017,Hillingdon,2,444236.0,2017
1106,E09000018,Hounslow,2,482235.0,2017
1107,E09000019,Islington,2,761601.0,2017
1108,E09000020,Kensington and Chelsea,2,1984323.0,2017
1109,E09000021,Kingston upon Thames,2,552448.0,2017
1110,E09000022,Lambeth,2,588824.0,2017
1111,E09000023,Lewisham,2,441405.0,2017
1112,E09000024,Merton,2,595194.0,2017
1113,E09000025,Newham,2,385115.0,2017
1114,E09000026,Redbridge,2,429586.0,2017
1115,E09000027,Richmond upon Thames,2,780110.0,2017
1116,E09000028,Southwark,2,651179.0,2017
1117,E09000029,Sutton,2,391483.0,2017
1118,E09000030,Tower Hamlets,2,527412.0,2017
1119,E09000031,Waltham Forest,2,440633.0,2017
1120,E09000032,Wandsworth,2,788357.0,2017
1121,E09000033,Westminster,2,1609658.0,2017
1122,E09000001,City of London,4,941274.5,2017
1123,E09000002,Barking and Dagenham,4,300545.5,2017
1124,E09000003,Barnet,4,603573.5,2017
1125,E09000004,Bexley,4,346429.0,2017
1126,E09000005,Brent,4,527113.5,2017
1127,E09000006,Bromley,4,486835.0,2017
1128,E09000007,Camden,4,1056183.0,2017
1129,E09000008,Croydon,4,381374.0,2017
1130,E09000009,Ealing,4,560325.5,2017
1131,E09000010,Enfield,4,461941.0,2017
1132,E09000011,Greenwich,4,454691.5,2017
1133,E09000012,Hackney,4,600616.0,2017
1134,E09000013,Hammersmith and Fulham,4,935411.5,2017
1135,E09000014,Haringey,4,635699.0,2017
1136,E09000015,Harrow,4,516899.0,2017
1137,E09000016,Havering,4,369842.0,2017
1138,E09000017,Hillingdon,4,445571.5,2017
1139,E09000018,Hounslow,4,481842.0,2017
1140,E09000019,Islington,4,766440.0,2017
1141,E09000020,Kensington and Chelsea,4,2026410.5,2017
1142,E09000021,Kingston upon Thames,4,554441.0,2017
1143,E09000022,Lambeth,4,593422.5,2017
1144,E09000023,Lewisham,4,446834.0,2017
1145,E09000024,Merton,4,603033.0,2017
1146,E09000025,Newham,4,392514.5,2017
1147,E09000026,Redbridge,4,432967.0,2017
1148,E09000027,Richmond upon Thames,4,789218.5,2017
1149,E09000028,Southwark,4,656960.0,2017
1150,E09000029,Sutton,4,392722.5,2017
1151,E09000030,Tower Hamlets,4,529340.5,2017
1152,E09000031,Waltham Forest,4,443115.5,2017
1153,E09000032,Wandsworth,4,802417.5,2017
1154,E09000033,Westminster,4,1634103.5,2017
1155,E09000001,City of London,5,953512.0,2017
1156,E09000002,Barking and Dagenham,5,301708.0,2017
1157,E09000003,Barnet,5,616324.0,2017
1158,E09000004,Bexley,5,347505.0,2017
1159,E09000005,Brent,5,536119.0,2017
1160,E09000006,Bromley,5,489823.0,2017
1161,E09000007,Camden,5,1082928.0,2017
1162,E09000008,Croydon,5,385383.0,2017
1163,E09000009,Ealing,5,568092.0,2017
1164,E09000010,Enfield,5,464622.0,2017
1165,E09000011,Greenwich,5,456559.0,2017
1166,E09000012,Hackney,5,602686.0,2017
1167,E09000013,Hammersmith and Fulham,5,937893.0,2017
1168,E09000014,Haringey,5,644926.0,2017
1169,E09000015,Harrow,5,522208.0,2017
1170,E09000016,Havering,5,372862.0,2017
1171,E09000017,Hillingdon,5,446907.0,2017
1172,E09000018,Hounslow,5,481449.0,2017
1173,E09000019,Islington,5,771279.0,2017
1174,E09000020,Kensington and Chelsea,5,2068498.0,2017
1175,E09000021,Kingston upon Thames,5,556434.0,2017
1176,E09000022,Lambeth,5,598021.0,2017
1177,E09000023,Lewisham,5,452263.0,2017
1178,E09000024,Merton,5,610872.0,2017
1179,E09000025,Newham,5,399914.0,2017
1180,E09000026,Redbridge,5,436348.0,2017
1181,E09000027,Richmond upon Thames,5,798327.0,2017
1182,E09000028,Southwark,5,662741.0,2017
1183,E09000029,Sutton,5,393962.0,2017
1184,E09000030,Tower Hamlets,5,531269.0,2017
1185,E09000031,Waltham Forest,5,445598.0,2017
1186,E09000032,Wandsworth,5,816478.0,2017
1187,E09000033,Westminster,5,1658549.0,2017
1188,E09000001,City of London,7,957647.0,2017
1189,E09000002,Barking and Dagenham,7,302196.5,2017
1190,E09000003,Barnet,7,627482.0,2017
1191,E09000004,Bexley,7,349982.0,2017
1192,E09000005,Brent,7,541665.0,2017
1193,E09000006,Bromley,7,493338.0,2017
1194,E09000007,Camden,7,1102369.0,2017
1195,E09000008,Croydon,7,390622.0,2017
1196,E09000009,Ealing,7,572955.0,2017
1197,E09000010,Enfield,7,462886.0,2017
1198,E09000011,Greenwich,7,459790.0,2017
1199,E09000012,Hackney,7,602908.0,2017
1200,E09000013,Hammersmith and Fulham,7,951712.5,2017
1201,E09000014,Haringey,7,656527.5,2017
1202,E09000015,Harrow,7,524298.5,2017
1203,E09000016,Havering,7,376258.5,2017
1204,E09000017,Hillingdon,7,449687.5,2017
1205,E09000018,Hounslow,7,482805.5,2017
1206,E09000019,Islington,7,778921.0,2017
1207,E09000020,Kensington and Chelsea,7,2077940.0,2017
1208,E09000021,Kingston upon Thames,7,563214.0,2017
1209,E09000022,Lambeth,7,602506.5,2017
1210,E09000023,Lewisham,7,458552.5,2017
1211,E09000024,Merton,7,616751.0,2017
1212,E09000025,Newham,7,404008.5,2017
1213,E09000026,Redbridge,7,441297.0,2017
1214,E09000027,Richmond upon Thames,7,802986.5,2017
1215,E09000028,Southwark,7,665200.5,2017
1216,E09000029,Sutton,7,395520.0,2017
1217,E09000030,Tower Hamlets,7,538508.5,2017
1218,E09000031,Waltham Forest,7,450249.5,2017
1219,E09000032,Wandsworth,7,816504.0,2017
1220,E09000033,Westminster,7,1651705.5,2017
1221,E09000001,City of London,8,961782.0,2017
1222,E09000002,Barking and Dagenham,8,302685.0,2017
1223,E09000003,Barnet,8,638640.0,2017
1224,E09000004,Bexley,8,352459.0,2017
1225,E09000005,Brent,8,547211.0,2017
1226,E09000006,Bromley,8,496853.0,2017
1227,E09000007,Camden,8,1121810.0,2017
1228,E09000008,Croydon,8,395861.0,2017
1229,E09000009,Ealing,8,577818.0,2017
1230,E09000010,Enfield,8,461150.0,2017
1231,E09000011,Greenwich,8,463021.0,2017
1232,E09000012,Hackney,8,603130.0,2017
1233,E09000013,Hammersmith and Fulham,8,965532.0,2017
1234,E09000014,Haringey,8,668129.0,2017
1235,E09000015,Harrow,8,526389.0,2017
1236,E09000016,Havering,8,379655.0,2017
1237,E09000017,Hillingdon,8,452468.0,2017
1238,E09000018,Hounslow,8,484162.0,2017
1239,E09000019,Islington,8,786563.0,2017
1240,E09000020,Kensington and Chelsea,8,2087382.0,2017
1241,E09000021,Kingston upon Thames,8,569994.0,2017
1242,E09000022,Lambeth,8,606992.0,2017
1243,E09000023,Lewisham,8,464842.0,2017
1244,E09000024,Merton,8,622630.0,2017
1245,E09000025,Newham,8,408103.0,2017
1246,E09000026,Redbridge,8,446246.0,2017
1247,E09000027,Richmond upon Thames,8,807646.0,2017
1248,E09000028,Southwark,8,667660.0,2017
1249,E09000029,Sutton,8,397078.0,2017
1250,E09000030,Tower Hamlets,8,545748.0,2017
1251,E09000031,Waltham Forest,8,454901.0,2017
1252,E09000032,Wandsworth,8,816530.0,2017
1253,E09000033,Westminster,8,1644862.0,2017
1254,E09000001,City of London,10,956270.5,2017
1255,E09000002,Barking and Dagenham,10,302101.5,2017
1256,E09000003,Barnet,10,653116.5,2017
1257,E09000004,Bexley,10,355118.5,2017
1258,E09000005,Brent,10,562957.5,2017
1259,E09000006,Bromley,10,499737.5,2017
1260,E09000007,Camden,10,1110842.5,2017
1261,E09000008,Croydon,10,397753.0,2017
1262,E09000009,Ealing,10,577963.5,2017
1263,E09000010,Enfield,10,462477.5,2017
1264,E09000011,Greenwich,10,462920.0,2017
1265,E09000012,Hackney,10,609042.0,2017
1266,E09000013,Hammersmith and Fulham,10,968881.5,2017
1267,E09000014,Haringey,10,676058.0,2017
1268,E09000015,Harrow,10,526797.5,2017
1269,E09000016,Havering,10,383595.0,2017
1270,E09000017,Hillingdon,10,452369.5,2017
1271,E09000018,Hounslow,10,496019.0,2017
1272,E09000019,Islington,10,782426.5,2017
1273,E09000020,Kensington and Chelsea,10,2089933.0,2017
1274,E09000021,Kingston upon Thames,10,571966.0,2017
1275,E09000022,Lambeth,10,611558.5,2017
1276,E09000023,Lewisham,10,469992.0,2017
1277,E09000024,Merton,10,630574.5,2017
1278,E09000025,Newham,10,408790.0,2017
1279,E09000026,Redbridge,10,449341.0,2017
1280,E09000027,Richmond upon Thames,10,813344.5,2017
1281,E09000028,Southwark,10,654434.5,2017
1282,E09000029,Sutton,10,399599.0,2017
1283,E09000030,Tower Hamlets,10,549878.5,2017
1284,E09000031,Waltham Forest,10,457411.0,2017
1285,E09000032,Wandsworth,10,817486.5,2017
1286,E09000033,Westminster,10,1681492.5,2017
1287,E09000001,City of London,11,950759.0,2017
1288,E09000002,Barking and Dagenham,11,301518.0,2017
1289,E09000003,Barnet,11,667593.0,2017
1290,E09000004,Bexley,11,357778.0,2017
1291,E09000005,Brent,11,578704.0,2017
1292,E09000006,Bromley,11,502622.0,2017
1293,E09000007,Camden,11,1099875.0,2017
1294,E09000008,Croydon,11,399645.0,2017
1295,E09000009,Ealing,11,578109.0,2017
1296,E09000010,Enfield,11,463805.0,2017
1297,E09000011,Greenwich,11,462819.0,2017
1298,E09000012,Hackney,11,614954.0,2017
1299,E09000013,Hammersmith and Fulham,11,972231.0,2017
1300,E09000014,Haringey,11,683987.0,2017
1301,E09000015,Harrow,11,527206.0,2017
1302,E09000016,Havering,11,387535.0,2017
1303,E09000017,Hillingdon,11,452271.0,2017
1304,E09000018,Hounslow,11,507876.0,2017
1305,E09000019,Islington,11,778290.0,2017
1306,E09000020,Kensington and Chelsea,11,2092484.0,2017
1307,E09000021,Kingston upon Thames,11,573938.0,2017
1308,E09000022,Lambeth,11,616125.0,2017
1309,E09000023,Lewisham,11,475142.0,2017
1310,E09000024,Merton,11,638519.0,2017
1311,E09000025,Newham,11,409477.0,2017
1312,E09000026,Redbridge,11,452436.0,2017
1313,E09000027,Richmond upon Thames,11,819043.0,2017
1314,E09000028,Southwark,11,641209.0,2017
1315,E09000029,Sutton,11,402120.0,2017
1316,E09000030,Tower Hamlets,11,554009.0,2017
1317,E09000031,Waltham Forest,11,459921.0,2017
1318,E09000032,Wandsworth,11,818443.0,2017
1319,E09000033,Westminster,11,1718123.0,2017
